{"cameraMode":{"drawMode":0,"name":"Shaded","section":"Shading Mode"},"sceneLighting":true,"audioPlay":false,"sceneViewState":{"m_AlwaysRefresh":false,"showFog":true,"showSkybox":true,"showFlares":true,"showImageEffects":true,"showParticleSystems":true,"showVisualEffectGraphs":true,"m_FxEnabled":true},"in2DMode":false,"pivot":{"x":22.4029598236084,"y":28.24224853515625,"z":-7.8600239753723148},"rotation":{"x":-0.014645260758697987,"y":0.07790768891572952,"z":0.0011440537637099624,"w":0.9968550205230713},"size":1.4317131042480469,"orthographic":false}